{
  "mcr2_delta_r": [
    8.923368904872659,
    7.4498999749961134,
    8.520656015633886,
    8.670232293164208,
    5.246513196117488
  ],
  "subspace_coherence": [
    0.4325655963685777,
    0.5391605271233453,
    0.95605900949902,
    0.9961607880062527,
    1.0
  ]
}

