{
  "within_class_scatter": [
    85.29341888427734,
    341.8847961425781,
    19460.01171875,
    273351.1875,
    83806.03125
  ],
  "between_class_scatter": [
    95.1507824367947,
    5249.5209743923615,
    332320.0019097222,
    4362957.125,
    1709440.3152777778
  ],
  "average_effective_rank": [
    12.391345478860256,
    3.5294706195053935,
    2.576841602165401,
    2.548170447108858,
    2.1928047090527465
  ],
  "layer_dims": [
    128,
    128,
    64,
    32,
    10
  ],
  "mcr2_delta_r": [
    9.066291090427953,
    23.870381724126062,
    49.30223995024741,
    87.53187650610052,
    24.799876196605435
  ],
  "subspace_coherence": [
    0.4161178489526113,
    0.8091949404941665,
    0.9580080495940314,
    0.9397758841514587,
    1.0
  ]
}

