{
  "version": "src_v16b",
  "dataset": "chameleon",
  "val_mean": 0.7275720164609053,
  "val_std": 0.017113273167353293,
  "test_mean": 0.7072368421052632,
  "test_std": 0.01942368522070652,
  "elapsed": 4940.301017284393,
  "splits": [
    {
      "split": 0,
      "val": 0.7325102880658436,
      "test": 0.7039473684210527,
      "cfg": {
        "top_k": 4000,
        "ridge_alpha": 0.05,
        "dims": [
          16,
          8,
          8,
          16,
          32
        ],
        "w_type": "fixed",
        "w_fixed": 0.4
      },
      "detail": {
        "w_pca": [
          0.5100864553314121,
          0.49146757679180886,
          0.4435146443514645,
          0.5014409221902018,
          0.47222222222222227
        ],
        "pca_corr": [
          177.0,
          144.0,
          106.0,
          174.0,
          136.0
        ],
        "ridge_corr": [
          170.0,
          149.0,
          133.0,
          173.0,
          152.0
        ]
      }
    },
    {
      "split": 1,
      "val": 0.6995884773662552,
      "test": 0.7368421052631579,
      "cfg": {
        "top_k": 5000,
        "ridge_alpha": 0.05,
        "dims": [
          8,
          32,
          8,
          16,
          24
        ],
        "w_type": "perclass",
        "w_pca": [
          0.5172413793103448,
          0.49027237354085607,
          0.4554794520547945,
          0.5028409090909091,
          0.49629629629629635
        ]
      },
      "detail": {
        "w_pca": [
          0.5172413793103448,
          0.49027237354085607,
          0.4554794520547945,
          0.5028409090909091,
          0.49629629629629635
        ],
        "pca_corr": [
          180.0,
          126.0,
          133.0,
          177.0,
          134.0
        ],
        "ridge_corr": [
          168.0,
          131.0,
          159.0,
          175.0,
          136.0
        ]
      }
    },
    {
      "split": 2,
      "val": 0.7503429355281207,
      "test": 0.6885964912280702,
      "cfg": {
        "top_k": 5000,
        "ridge_alpha": 0.05,
        "dims": [
          8,
          8,
          48,
          32,
          8
        ],
        "w_type": "perclass",
        "w_pca": [
          0.5126760563380282,
          0.4831804281345565,
          0.4747081712062256,
          0.4986072423398329,
          0.4912280701754386
        ]
      },
      "detail": {
        "w_pca": [
          0.5126760563380282,
          0.4831804281345565,
          0.4747081712062256,
          0.4986072423398329,
          0.4912280701754386
        ],
        "pca_corr": [
          182.0,
          158.0,
          122.0,
          179.0,
          112.0
        ],
        "ridge_corr": [
          173.0,
          169.0,
          135.0,
          180.0,
          116.0
        ]
      }
    },
    {
      "split": 3,
      "val": 0.7462277091906722,
      "test": 0.6842105263157895,
      "cfg": {
        "top_k": 3000,
        "ridge_alpha": 0.05,
        "dims": [
          32,
          8,
          16,
          8,
          8
        ],
        "w_type": "perclass",
        "w_pca": [
          0.5178571428571429,
          0.4808362369337979,
          0.4653061224489796,
          0.504297994269341,
          0.48290598290598286
        ]
      },
      "detail": {
        "w_pca": [
          0.5178571428571429,
          0.4808362369337979,
          0.4653061224489796,
          0.504297994269341,
          0.48290598290598286
        ],
        "pca_corr": [
          174.0,
          138.0,
          114.0,
          176.0,
          113.0
        ],
        "ridge_corr": [
          162.0,
          149.0,
          131.0,
          173.0,
          121.0
        ]
      }
    },
    {
      "split": 4,
      "val": 0.7434842249657064,
      "test": 0.743421052631579,
      "cfg": {
        "top_k": 3000,
        "ridge_alpha": 0.1,
        "dims": [
          16,
          16,
          16,
          24,
          48
        ],
        "w_type": "fixed",
        "w_fixed": 0.5
      },
      "detail": {
        "w_pca": [
          0.5238095238095238,
          0.4740259740259741,
          0.48319327731092443,
          0.4919614147909968,
          0.47810218978102187
        ],
        "pca_corr": [
          165.0,
          146.0,
          115.0,
          153.0,
          131.0
        ],
        "ridge_corr": [
          150.0,
          162.0,
          123.0,
          158.0,
          143.0
        ]
      }
    },
    {
      "split": 5,
      "val": 0.7242798353909465,
      "test": 0.7083333333333334,
      "cfg": {
        "top_k": 6000,
        "ridge_alpha": 1.0,
        "dims": [
          24,
          48,
          32,
          48,
          64
        ],
        "w_type": "perclass",
        "w_pca": [
          0.5150684931506849,
          0.5187713310580204,
          0.4713804713804714,
          0.4921630094043887,
          0.4765625
        ]
      },
      "detail": {
        "w_pca": [
          0.5150684931506849,
          0.5187713310580204,
          0.4713804713804714,
          0.4921630094043887,
          0.4765625
        ],
        "pca_corr": [
          188.0,
          152.0,
          140.0,
          157.0,
          122.0
        ],
        "ridge_corr": [
          177.0,
          141.0,
          157.0,
          162.0,
          134.0
        ]
      }
    },
    {
      "split": 6,
      "val": 0.7133058984910837,
      "test": 0.6885964912280702,
      "cfg": {
        "top_k": 3000,
        "ridge_alpha": 0.1,
        "dims": [
          16,
          8,
          32,
          48,
          32
        ],
        "w_type": "perclass",
        "w_pca": [
          0.5174418604651163,
          0.48064516129032253,
          0.4792452830188679,
          0.49604221635883905,
          0.5109489051094891
        ]
      },
      "detail": {
        "w_pca": [
          0.5174418604651163,
          0.48064516129032253,
          0.4792452830188679,
          0.49604221635883905,
          0.5109489051094891
        ],
        "pca_corr": [
          178.0,
          149.0,
          127.0,
          188.0,
          140.0
        ],
        "ridge_corr": [
          166.0,
          161.0,
          138.0,
          191.0,
          134.0
        ]
      }
    },
    {
      "split": 7,
      "val": 0.7023319615912208,
      "test": 0.6929824561403509,
      "cfg": {
        "top_k": 5000,
        "ridge_alpha": 0.1,
        "dims": [
          16,
          8,
          16,
          8,
          8
        ],
        "w_type": "fixed",
        "w_fixed": 0.6
      },
      "detail": {
        "w_pca": [
          0.523121387283237,
          0.4894366197183099,
          0.47094801223241595,
          0.48033707865168535,
          0.49382716049382713
        ],
        "pca_corr": [
          181.0,
          139.0,
          154.0,
          171.0,
          120.0
        ],
        "ridge_corr": [
          165.0,
          145.0,
          173.0,
          185.0,
          123.0
        ]
      }
    },
    {
      "split": 8,
      "val": 0.7393689986282579,
      "test": 0.7192982456140351,
      "cfg": {
        "top_k": 5000,
        "ridge_alpha": 0.05,
        "dims": [
          16,
          8,
          64,
          8,
          64
        ],
        "w_type": "perclass",
        "w_pca": [
          0.49508196721311476,
          0.4877300613496932,
          0.45387453874538747,
          0.5013927576601671,
          0.48953974895397495
        ]
      },
      "detail": {
        "w_pca": [
          0.49508196721311476,
          0.4877300613496932,
          0.45387453874538747,
          0.5013927576601671,
          0.48953974895397495
        ],
        "pca_corr": [
          151.0,
          159.0,
          123.0,
          180.0,
          117.0
        ],