dataset,split,mechanism_type,n_test,test_acc,mean_HHI_i,mean_entropy,mean_purity
texas,0,low-pass-node,3,0.6666666666666666,0.8056148760220235,2.1435618987039855,0.16055768634926826
texas,0,two-hop-node,35,0.8857142857142857,0.7952911253523792,2.1406091462755854,0.1671707964013694

