dataset,split,mechanism_type,n_test,test_acc,mean_HHI_i,mean_entropy,mean_purity
amazon-computers,0,high-pass-node,48,0.041666666666666664,585281672932.7559,1.072688214884822,0.4209781633095422
amazon-computers,0,low-pass-node,5,0.0,0.16795245713465978,1.9799019304262018,0.2850190506249435
amazon-computers,0,raw-node,14,0.0,439362752933.7612,0.9481769203300973,0.5606372467035621
amazon-computers,0,sym-sensitive-node,210,0.05238095238095238,590928770589.5137,1.0687508525328118,0.41994373022350634
amazon-computers,0,two-hop-node,12975,0.7917533718689788,0.12284767066403118,1.9427984992746838,0.2383464591777138

