dataset,split,class,C_c,retained_variance
texas,0,0,10,0.9105172030871592
texas,0,2,5,0.9003951505064683
texas,0,3,25,0.9067261281639661
texas,0,4,13,0.9135130926366763

