dataset,split,seed,top_k,dim,energy,w,HHI,T,S,C_mean,D,test_acc
texas,0,20260419,4000,32,0.9,0.2,0.4929851909579221,1.4455445544482892,0.46109839816863296,13.25,0.1578947368421053,0.868421052631579

