dataset,split,mechanism_type,n_test,test_acc,mean_HHI_i,mean_entropy,mean_purity
amazon-photo,0,high-pass-node,33,0.12121212121212122,615416449236.155,1.0833340749550864,0.39656038835145163
amazon-photo,0,low-pass-node,3,0.3333333333333333,0.15440683452911608,1.942592549397338,0.29624024955027856
amazon-photo,0,raw-node,6,0.0,418563702118.00653,0.9150944421805253,0.5814362974853721
amazon-photo,0,sym-sensitive-node,73,0.0410958904109589,621233256790.1184,1.08457935156676,0.3947165679310358
amazon-photo,0,two-hop-node,7135,0.900490539593553,0.11803429986586303,1.9223147021168716,0.23744490273114363

