dataset,method,n,val_mean,val_std,test_mean,test_std,time_mean
amazon-photo,appnp,10,0.8370833456516266,0.040035188450179095,0.8300689578056335,0.021305167247424615,96.94269999999999
amazon-photo,correct_smooth,10,0.899999988079071,0.014958797157013547,0.8624413788318634,0.02355442022953038,45.950599999999994
amazon-photo,gat,10,0.8666666746139526,0.021063522812383325,0.8463310301303864,0.02629164926442823,120.6087
amazon-photo,gcnii,10,0.6129166692495346,0.13734488980920334,0.5747724145650863,0.1520732106083785,261.7013
amazon-photo,graphsage,10,0.9099999964237213,0.012453632363743332,0.87586207985878,0.013272796053659441,59.9011
amazon-photo,linkx,10,0.7350000023841858,0.03987829454768596,0.6420965492725372,0.031594378637346605,12.0389
amazon-photo,mlp_prop,10,0.8462499916553498,0.03729107624524636,0.8358620762825012,0.028982160705193806,55.83820000000001
amazon-photo,sign,10,0.8841666638851166,0.023471800441709132,0.8423586249351501,0.020760390270286887,13.523500000000002

