dataset,split,class,n_nodes_all,n_nodes_test,R_c,L_c,H_c,T_c,S_c,VarSignal_c,test_acc_c
cornell,0,0,38,10,0.10897223106128244,0.5142885545386459,0.37673921436649316,1.5055222796971823,0.5929064288144164,0.004299444518814798,0.9
cornell,0,1,16,5,0.07718022181465205,0.5974875016665155,0.3253322764930585,0.812832940051945,0.5848780401622429,0.0015840456066236787,0.0
cornell,0,2,30,5,0.10987347240418362,0.5481850321014529,0.3419414954655653,1.2277903400721333,0.5471418275503497,0.002581687034055437,1.0
cornell,0,3,82,15,0.08257486223479663,0.5723318591653312,0.3450932785674708,1.2083412327873988,0.5707734293976567,0.0043303922080712536,0.9333333333333333
cornell,0,4,17,2,0.06582882718618359,0.5278504614632262,0.4063207113146896,1.2884719338263486,0.6200024390791248,0.002176581792372628,1.0

