dataset,split,seed,top_k,dim,energy,w,HHI,T,S,C_mean,D,test_acc
cornell,0,20260419,4000,32,0.9,0.2,0.5776081424926589,2.107826086941859,0.4785373608895413,11.6,0.1351351351351351,0.8108108108108109

