dataset,split,seed,top_k,dim,energy,w,HHI,T,S,C_mean,D,test_acc
squirrel,0,20260419,6000,96,0.95,0.5,0.2875788557751304,1.5859788359725426,0.549476439789713,96.0,0.3659942363112392,0.6013448607108549

