dataset,split,mechanism_type,n_test,test_acc,mean_HHI_i,mean_entropy,mean_purity
squirrel,0,high-pass-node,15,0.6666666666666666,1.1930474564839313,1.968952222355567,0.2253378069085599
squirrel,0,low-pass-node,890,0.5921348314606741,0.5741285833692314,2.020769721435672,0.20996371661700927
squirrel,0,two-hop-node,136,0.6544117647058824,0.6359524625069622,1.9695396489058594,0.25127977315208805

