dataset,split,seed,top_k,dim,energy,w,HHI,T,S,C_mean,D,test_acc
amazon-photo,0,20260419,4000,64,0.95,0.4,0.09391612522138937,1.1845775225555881,0.5938037865738489,16.625,0.0837241379310345,0.8873103448275862

