dataset,method,n,val_mean,val_std,test_mean,test_std
squirrel,src_v16c,10,0.6095552884615385,0.012839435404487157,0.6088376560999039,0.017260204191275604

