{
  "mcr2_delta_r": [
    8.923368904872659,
    6.947388735116104,
    8.947642192313422,
    10.117414285502676,
    7.763485069121886
  ],
  "subspace_coherence": [
    0.4325655963685777,
    0.6341915527979533,
    0.9601449529329936,
    0.974112735523118,
    1.0
  ]
}

