dataset,split,seed,top_k,dim,energy,w,HHI,T,S,C_mean,D,test_acc
wisconsin,0,20260419,4000,32,0.9,0.2,0.6192619261915044,1.8637820512701033,0.5663909447095056,16.2,0.0980392156862745,0.9019607843137255

