dataset,split,seed,top_k,dim,energy,w,HHI,T,S,C_mean,D,test_acc
chameleon,0,20260419,6000,96,0.99,0.4,0.11282241603253351,1.619474695701655,0.520923154957361,94.8,0.1535087719298246,0.7368421052631579

