{
  "mcr2_delta_r": [
    8.923368904872659,
    12.534033681083981,
    18.569979456508598,
    24.139496703917402,
    16.38701337297352
  ],
  "subspace_coherence": [
    0.4325655963685777,
    0.6665269792079925,
    0.9487932350900438,
    0.9731104559368557,
    1.0
  ]
}

