{
  "sample_8_class_0": {
    "label": 0,
    "d_in": [
      8.533517837524414,
      4.002208232879639,
      2.9196763038635254,
      2.466547727584839,
      1.7968826293945312
    ],
    "d_out": [
      13.050256729125977,
      15.222771644592285,
      18.58903694152832,
      21.471466064453125,
      19.46546745300293
    ],
    "margin": [
      4.5167388916015625,
      11.220563411712646,
      15.669360637664795,
      19.004918336868286,
      17.6685848236084
    ]
  },
  "sample_177_class_1": {
    "label": 1,
    "d_in": [
      8.291179656982422,
      3.167722225189209,
      2.239675998687744,
      2.278759241104126,
      1.3912863731384277
    ],
    "d_out": [
      12.524787902832031,
      14.258204460144043,
      19.719356536865234,
      22.588598251342773,
      18.400772094726562
    ],
    "margin": [
      4.233608245849609,
      11.090482234954834,
      17.47968053817749,
      20.309839010238647,
      17.009485721588135
    ]
  },
  "sample_265_class_2": {
    "label": 2,
    "d_in": [
      8.651803970336914,
      4.029137134552002,
      4.056954860687256,
      4.549383640289307,
      3.1029250621795654
    ],
    "d_out": [
      12.332046508789062,
      14.218674659729004,
      17.4270076751709,
      19.071992874145508,
      15.619758605957031
    ],
    "margin": [
      3.6802425384521484,
      10.189537525177002,
      13.370052814483643,
      14.522609233856201,
      12.516833543777466
    ]
  },
  "sample_343_class_3": {
    "label": 3,
    "d_in": [
      8.161210060119629,
      4.2298359870910645,
      3.4970479011535645,
      3.974576473236084,
      3.260603666305542
    ],
    "d_out": [
      12.14445686340332,
      15.325037002563477,
      18.57195472717285,
      21.745315551757812,
      19.996034622192383
    ],
    "margin": [
      3.9832468032836914,
      11.095201015472412,
      15.074906826019287,
      17.77073907852173,
      16.73543095588684
    ]
  },
  "sample_443_class_4": {
    "label": 4,
    "d_in": [
      9.597225189208984,
      4.122289180755615,
      2.928821563720703,
      3.1499314308166504,
      2.2222907543182373
    ],
    "d_out": [
      13.531065940856934,
      15.508359909057617,
      19.8874454498291,
      21.989423751831055,
      17.88656997680664
    ],
    "margin": [
      3.933840751647949,
      11.386070728302002,
      16.9586238861084,
      18.839492321014404,
      15.664279222488403
    ]
  },
  "sample_585_class_5": {
    "label": 5,
    "d_in": [
      10.19227409362793,
      4.30415153503418,
      3.167672634124756,
      3.167872190475464,
      2.389055013656616
    ],
    "d_out": [
      13.190581321716309,
      14.701127052307129,
      17.924375534057617,
      20.332666397094727,
      18.59626007080078
    ],
    "margin": [
      2.998307228088379,
      10.39697551727295,
      14.756702899932861,
      17.164794206619263,
      16.207205057144165
    ]
  },
  "sample_608_class_6": {
    "label": 6,
    "d_in": [
      6.526081085205078,
      3.4310262203216553,
      4.7886271476745605,
      5.653592586517334,
      2.9604651927948
    ],
    "d_out": [
      10.748072624206543,
      13.694576263427734,
      17.186908721923828,
      19.829526901245117,
      17.15387725830078
    ],
    "margin": [
      4.221991539001465,
      10.263550043106079,
      12.398281574249268,
      14.175934314727783,
      14.193412065505981
    ]
  },
  "sample_769_class_7": {
    "label": 7,
    "d_in": [
      9.339986801147461,
      5.0784125328063965,
      3.7502329349517822,
      3.903879165649414,
      1.5762522220611572
    ],
    "d_out": [
      12.690862655639648,
      14.18322467803955,
      18.672000885009766,
      21.10062599182129,
      18.0006160736084
    ],
    "margin": [
      3.3508758544921875,
      9.104812145233154,
      14.921767950057983,
      17.196746826171875,
      16.42436385154724
    ]
  },
  "sample_820_class_8": {
    "label": 8,
    "d_in": [
      9.630095481872559,
      4.682229042053223,
      2.544542074203491,
      2.2596518993377686,
      1.4973328113555908
    ],
    "d_out": [
      12.370905876159668,
      13.870494842529297,
      19.106040954589844,
      22.106338500976562,
      17.076337814331055
    ],
    "margin": [
      2.7408103942871094,
      9.188265800476074,
      16.561498880386353,
      19.846686601638794,
      15.579005002975464
    ]
  },
  "sample_909_class_9": {
    "label": 9,
    "d_in": [
      10.933443069458008,
      4.637791633605957,
      3.333125591278076,
      3.265059471130371,
      2.669682264328003
    ],
    "d_out": [
      13.946436882019043,
      14.027012825012207,
      16.266014099121094,
      19.14503288269043,
      17.15888786315918
    ],
    "margin": [
      3.012993812561035,
      9.38922119140625,
      12.932888507843018,
      15.879973411560059,
      14.489205598831177
    ]
  }
}

