dataset,method,n,val_mean,val_std,test_mean,test_std,time_mean
amazon-computers,appnp,10,0.7150000095367431,0.03954213224875103,0.6756187796592712,0.039354598944772674,208.4961
amazon-computers,correct_smooth,10,0.8473333358764649,0.01871159521898533,0.763537585735321,0.021734331029821956,75.3398
amazon-computers,gat,10,0.7476666629314422,0.05135329801283589,0.6972985208034516,0.05122531197081709,216.70149999999998
amazon-computers,gcnii,10,0.33233333081007005,0.11832211409962932,0.2730304859578609,0.14797902874806876,404.2063
amazon-computers,graphsage,10,0.8550000011920929,0.023946958516839256,0.7745849609375,0.018749279172171493,142.98
amazon-computers,linkx,10,0.662666666507721,0.02900829857932957,0.48942801356315613,0.07139963338205689,22.463
amazon-computers,mlp_prop,10,0.7189999878406524,0.03675243670583425,0.6739662051200866,0.039524558665832314,120.94369999999999
amazon-computers,sign,10,0.8366666674613953,0.02581988829072993,0.7481210410594941,0.017871346947020195,28.7365

