dataset,split,class,C_c,retained_variance
chameleon,0,0,94,0.9902792007793888
chameleon,0,1,92,0.9903795244666901
chameleon,0,2,96,0.9772476687417412
chameleon,0,3,96,0.9738796510710989
chameleon,0,4,96,0.9755102866030235

