dataset,split,class,n_nodes_all,n_nodes_test,R_c,L_c,H_c,T_c,S_c,VarSignal_c,test_acc_c
chameleon,0,0,456,83,0.0,0.5076620339452546,0.4923379658363672,3276198602.747908,0.3635553084384776,0.07007085719720814,0.8072289156626506
chameleon,0,1,460,97,0.0,0.6450845243417045,0.35491547536805285,4987179449.576868,0.3568759069043724,0.05760636112705056,0.6907216494845361
chameleon,0,2,453,87,0.0,0.7259444205779659,0.2740555791161875,5699753981.436049,0.3941698695340323,0.058170868544202746,0.632183908045977
chameleon,0,3,521,102,0.0057967947980581015,0.7708256445563905,0.22337756039636364,1.5748786902693723,0.40591949919467535,0.03742938226400825,0.7254901960784313
chameleon,0,4,387,87,0.0,0.8019023145493602,0.19809768512084006,7455120224.050939,0.4121971088751661,0.030827404089592263,0.8390804597701149

