{
  "within_class_scatter": [
    85.29341888427734,
    19.79953956604004,
    14.086047172546387,
    16.082338333129883,
    8.538519859313965
  ],
  "between_class_scatter": [
    95.1507824367947,
    242.7153374565972,
    479.66981811523436,
    665.8650166829427,
    536.9374321831597
  ],
  "average_effective_rank": [
    12.391345478860256,
    10.24611152609016,
    4.031224668239678,
    2.8964946215094427,
    3.055615802634021
  ],
  "layer_dims": [
    128,
    128,
    64,
    32,
    10
  ],
  "mcr2_delta_r": [
    9.066291090427953,
    8.040377891615377,
    9.473277044185512,
    9.785616000994029,
    6.840193716570714
  ],
  "subspace_coherence": [
    0.4161178489526113,
    0.5769403212600284,
    0.9547460357348124,
    0.9938370903333028,
    1.0
  ]
}

