dataset,n,val_mean,val_std,test_mean,test_std
chameleon,2,0.7222222222222222,0.024249203744394654,0.7456140350877194,0.02481076425215952

