dataset,method,n,val_mean,val_std,test_mean,test_std,time_mean
texas,appnp,10,0.554237288236618,0.05652542425337075,0.5891891896724701,0.04558236843974004,0.8920999999999999
texas,correct_smooth,10,0.6186440706253051,0.10904101735818664,0.591891884803772,0.0642740809714256,1.4091
texas,gat,10,0.5813559293746948,0.04928550394992423,0.5783783853054046,0.042638401709646084,1.7256
texas,gcnii,10,0.554237288236618,0.05652542425337075,0.5891891896724701,0.04558236843974004,1.7198
texas,graphsage,10,0.8220339000225068,0.061501520567847294,0.783783781528473,0.07956540177959719,0.8028000000000001
texas,linkx,10,0.6542372882366181,0.05251503129969506,0.5945945918560028,0.08354611205089996,0.38370000000000004
texas,mlp_prop,10,0.554237288236618,0.05652542425337075,0.5891891896724701,0.04558236843974004,0.4077
texas,sign,10,0.7864406764507293,0.057171110258537904,0.7243243217468261,0.0671760384838556,0.8863

