dataset,method,n,val_mean,val_std,test_mean,test_std
texas,src_v16c,10,0.8775862068965518,0.0249851323210163,0.8631578947368421,0.040768245749551776

